{
  "time_data": [
    0.1,
    0.2,
    0.3,
    0.4,
    0.5,
    0.6,
    0.7,
    0.8,
    0.9,
    1.0,
    1.1,
    1.2,
    1.3,
    1.4,
    1.5,
    1.6,
    1.7,
    1.8,
    1.9,
    2.0,
    2.1,
    2.2,
    2.3,
    2.4,
    2.5,
    2.6,
    2.7,
    2.8,
    2.9,
    3.0,
    3.1,
    3.2,
    3.3,
    3.4,
    3.5,
    3.6,
    3.7,
    3.8,
    3.9,
    4.0,
    4.1,
    4.2,
    4.3,
    4.4,
    4.5,
    4.6,
    4.7,
    4.8,
    4.9,
    5.0,
    5.1,
    5.2,
    5.3,
    5.4,
    5.5,
    5.6,
    5.7,
    5.8,
    5.9,
    6.0,
    6.1,
    6.2,
    6.3,
    6.4,
    6.5,
    6.6,
    6.7,
    6.8,
    6.9,
    7.0,
    7.1,
    7.2,
    7.3,
    7.4,
    7.5,
    7.6,
    7.7,
    7.8,
    7.9,
    8.0,
    8.1,
    8.2,
    8.3,
    8.4,
    8.5,
    8.6,
    8.7,
    8.8,
    8.9,
    9.0,
    9.1,
    9.2,
    9.3,
    9.4,
    9.5,
    9.6,
    9.7,
    9.8,
    9.9,
    10.0
  ],
  "data": {
    "I": [
      1.2651300496162907,
      1.5830089105527307,
      1.9547742686240195,
      2.37684223037922,
      2.839664346025645,
      3.3273234062215824,
      3.818804709171427,
      4.290084688988913,
      4.718198693821487,
      5.084078929399053,
      5.375155599689164,
      5.5860012900657665,
      5.717629848302332,
      5.776223674043849,
      5.77073996993548,
      5.7112745037120325,
      5.6085120937284065,
      5.472067813019185,
      5.310390304081712,
      5.130722527871462,
      4.939096853100501,
      4.740274074972602,
      4.538040920113709,
      4.3353873089451325,
      4.134564573098959,
      3.937260867099489,
      3.744709336616527,
      3.5578452809712666,
      3.3773106715611005,
      3.203486833023658,
      3.036616482370922,
      2.876792846761286,
      2.724035552794518,
      2.5782955130884773,
      2.439454926279123,
      2.307331316190302,
      2.181731011981288,
      2.0624373796091824,
      1.9492217792803137,
      1.8418506290954368,
      1.7400854050497374,
      1.6436826410328191,
      1.5523943924022348,
      1.465981799966198,
      1.384215290384518,
      1.3068704888163911,
      1.2337298944063328,
      1.1645828802841809,
      1.0992256935650924,
      1.03746145534954,
      0.9791000707725743,
      0.9239607759642459,
      0.8718762889416455,
      0.82268654032877,
      0.7762378113161031,
      0.7323827336606107,
      0.6909802896857437,
      0.6518958122814354,
      0.6150009849041067,
      0.5801738415766615,
      0.5472981917850314,
      0.5162675676255446,
      0.48698336571970174,
      0.45935095934190817,
      0.4332796805063146,
      0.4086828199668154,
      0.38547762721704987,
      0.3635853104904007,
      0.3429310367599974,
      0.3234439317387107,
      0.30505704322861166,
      0.28770755838551465,
      0.27133928261272183,
      0.25589912728085407,
      0.24133615183713064,
      0.22760156380536867,
      0.21464871878598338,
      0.20243312045598863,
      0.19091242056899524,
      0.18004641895521367,
      0.16979706352145152,
      0.1601284502511135,
      0.1510068021222088,
      0.14240181152864836,
      0.1342857164706306,
      0.12663185164733098,
      0.11941463202837772,
      0.11260955285385155,
      0.10619318963428613,
      0.10014319815066751,
      0.09443831445443444,
      0.08905835486747812,
      0.08398421598214274,
      0.07919787466122487,
      0.07468294228377452,
      0.07042511733509267,
      0.06640989888348489,
      0.0626234824586834,
      0.059052813147322955,
      0.05568558559294091
    ],
    "R": [
      0.06769871166788292,
      0.15287272847799382,
      0.2587402041353138,
      0.3884558538674359,
      0.5447810720330576,
      0.7297166351477494,
      0.9441454288091549,
      1.1875749114935708,
      1.4580827832764507,
      1.752510964494937,
      2.066675692112892,
      2.3959087987879233,
      2.7354006663486907,
      3.0805468107366694,
      3.4272533595493035,
      3.7719724725793617,
      4.111727632737472,
      4.444272961540786,
      4.767876913762229,
      5.081208274862627,
      5.38334126580996,
      5.673742609926616,
      5.9521096511375635,
      6.2183141920499665,
      6.4723926984574724,
      6.714518553067302,
      6.944954583381327,
      7.1640088524671555,
      7.372033669709452,
      7.569421203609677,
      7.7565853796632735,
      7.933952373229593,
      8.10194525319166,
      8.260983244249244,
      8.411481726918831,
      8.553851874663984,
      8.688492934468814,
      8.815788774118401,
      8.936109923012946,
      9.049813365237567,
      9.1572425395623,
      9.258727339442117,
      9.354584176098669,
      9.44511467041989,
      9.530601517040909,
      9.61131446422077,
      9.687511556188223,
      9.759439133141724,
      9.827331831249428,
      9.891412582649204,
      9.95189302939385,
      10.008974531130427,
      10.062841486287404,
      10.113669093893785,
      10.161624917073858,
      10.206868883047216,
      10.249553283128733,
      10.289822772728588,
      10.327814371352243,
      10.363657462600457,
      10.397474983306175,
      10.429379794525548,
      10.459475817588235,
      10.487862638699069,
      10.514635532943155,
      10.53988546428586,
      10.56369908557282,
      10.586158738529937,
      10.607342453763378,
      10.62732395075958,
      10.646172683885395,
      10.663953887076588,
      10.680725877528921,
      10.696543651245644,
      10.711459948260908,
      10.725525252639764,
      10.738787792478174,
      10.751293539902997,
      10.763086211072002,
      10.774207266173857,
      10.784695909428137,
      10.79458908908532,
      10.803921550382661,
      10.812724499755662,
      10.821026485313899,
      10.82885491957779,
      10.836236097478366,
      10.843195196357286,
      10.849756275966822,
      10.855942278469868,
      10.86177502843994,
      10.867275232861171,
      10.872462481128315,
      10.877355245046743,
      10.881970317603779,
      10.886322363656959,
      10.890426242447889,
      10.894296096733562,
      10.897945298907246,
      10.90138645099847
    ],